mode,state,date,dem,rep,sigma
governor,DE,2024-09-19,51.0,32.3,3
governor,DE,2024-09-21,52.0,25.0,3
governor,IN,2024-09-02,39.0,41.0,3
governor,IN,2024-09-13,34.3,45.3,3
governor,IN,2024-09-22,41.0,44.0,3
governor,IN,2024-09-25,37.0,44.0,3
governor,IN,2024-10-05,45.8,54.2,3
governor,IN,2024-10-28,44.3,55.7,3
governor,MO,2024-03-08,36.0,53.0,3
governor,MO,2024-08-16,41.0,51.0,3
governor,MO,2024-09-05,34.0,52.0,3
governor,MO,2024-09-13,36.0,51.7,3
governor,MO,2024-10-01,40.3,59.7,3
governor,MO,2024-10-03,41.0,51.0,3
governor,MO,2024-10-27,42.4,57.6,3
governor,MO,2024-10-29,40.0,51.0,3
governor,MO,2024-11-03,38.0,52.0,3
governor,MT,2024-02-15,30.0,52.0,3
governor,MT,2024-06-13,33.0,54.0,3
governor,MT,2024-08-20,34.0,53.0,3
governor,MT,2024-08-29,38.0,54.0,3
governor,MT,2024-10-01,36.0,55.0,3
governor,MT,2024-10-08,35.0,57.0,3
governor,MT,2024-10-16,31.0,50.0,3
governor,NC,2024-01-31,39.0,35.0,3
governor,NC,2024-02-12,40.1,40.8,3
governor,NC,2024-02-12,39.9,34.5,3
governor,NC,2024-02-12,41.6,31.1,3
governor,NC,2024-02-19,42.0,43.0,3
governor,NC,2024-03-07,39.0,43.8,3
governor,NC,2024-03-09,44.0,42.0,3
governor,NC,2024-03-14,49.0,47.0,3
governor,NC,2024-03-30,32.0,30.0,3
governor,NC,2024-03-30,37.0,34.0,3
governor,NC,2024-04-08,37.9,39.9,3
governor,NC,2024-04-08,52.0,44.0,3
governor,NC,2024-04-08,48.0,41.0,3
governor,NC,2024-04-17,45.0,36.0,3
governor,NC,2024-04-28,44.0,37.0,3
governor,NC,2024-04-29,41.4,41.8,3
governor,NC,2024-05-05,39.1,39.2,3
governor,NC,2024-05-09,30.0,35.0,3
governor,NC,2024-05-09,34.0,39.0,3
governor,NC,2024-05-13,37.0,37.0,3
governor,NC,2024-05-18,44.0,43.0,3
governor,NC,2024-06-02,42.0,44.0,3
governor,NC,2024-06-03,44.0,43.0,3
governor,NC,2024-06-11,39.0,43.0,3
governor,NC,2024-07-08,48.0,41.0,3
governor,NC,2024-07-18,37.0,36.0,3
governor,NC,2024-07-20,48.0,42.0,3
governor,NC,2024-07-24,38.0,34.0,3
governor,NC,2024-08-03,43.0,38.0,3
governor,NC,2024-08-05,42.6,38.2,3
governor,NC,2024-08-09,46.0,36.0,3
governor,NC,2024-08-14,48.0,38.0,3
governor,NC,2024-08-14,49.0,39.0,3
governor,NC,2024-08-15,45.0,39.0,3
governor,NC,2024-08-21,48.0,34.0,3
governor,NC,2024-08-21,50.0,36.0,3
governor,NC,2024-08-26,54.0,43.0,3
governor,NC,2024-08-26,54.1,45.9,3
governor,NC,2024-08-27,47.0,37.0,3
governor,NC,2024-08-28,46.6,40.6,3
governor,NC,2024-08-28,46.9,40.6,3
governor,NC,2024-08-28,44.0,40.0,3
governor,NC,2024-09-06,48.0,38.0,3
governor,NC,2024-09-06,50.0,39.0,3
governor,NC,2024-09-07,51.0,37.0,3
governor,NC,2024-09-08,51.0,41.0,3
governor,NC,2024-09-08,54.0,42.0,3
governor,NC,2024-09-08,50.4,37.0,3
governor,NC,2024-09-09,42.0,33.0,3
governor,NC,2024-09-13,49.0,35.0,3
governor,NC,2024-09-16,45.5,39.2,3
governor,NC,2024-09-17,52.0,42.0,3
governor,NC,2024-09-18,46.9,41.7,3
governor,NC,2024-09-18,48.2,40.3,3
governor,NC,2024-09-18,49.8,36.7,3
governor,NC,2024-09-20,50.0,40.0,3
governor,NC,2024-09-21,47.0,36.0,3
governor,NC,2024-09-21,47.0,37.0,3
governor,NC,2024-09-24,56.0,41.0,3
governor,NC,2024-09-24,56.0,40.0,3
governor,NC,2024-09-24,54.0,42.0,3
governor,NC,2024-09-24,54.0,43.0,3
governor,NC,2024-09-25,53.0,36.0,3
governor,NC,2024-09-25,54.2,37.5,3
governor,NC,2024-09-25,59.0,35.0,3
governor,NC,2024-09-26,49.7,32.9,3
governor,NC,2024-09-27,53.0,38.0,3
governor,NC,2024-09-28,51.7,32.9,3
governor,NC,2024-09-29,54.0,38.0,3
governor,NC,2024-09-29,53.0,38.0,3
governor,NC,2024-09-29,52.0,39.0,3
governor,NC,2024-09-29,53.0,41.0,3
governor,NC,2024-09-29,51.0,32.0,3
governor,NC,2024-09-29,51.0,34.0,3
governor,NC,2024-10-02,46.0,36.0,3
governor,NC,2024-10-05,56.5,43.5,3
governor,NC,2024-10-08,49.5,34.4,3
governor,NC,2024-10-14,45.0,38.0,3
governor,NC,2024-10-14,49.3,35.8,3
governor,NC,2024-10-14,52.0,40.0,3
governor,NC,2024-10-14,54.0,42.0,3
governor,NC,2024-10-15,54.0,32.0,3
governor,NC,2024-10-17,53.7,39.1,3
governor,NC,2024-10-17,52.0,31.0,3
governor,NC,2024-10-18,45.0,37.0,3
governor,NC,2024-10-20,50.0,34.0,3
governor,NC,2024-10-21,55.1,40.3,3
governor,NC,2024-10-22,51.2,38.7,3
governor,NC,2024-10-22,55.0,40.0,3
governor,NC,2024-10-22,55.0,41.0,3
governor,NC,2024-10-23,48.0,36.0,3
governor,NC,2024-10-26,52.0,37.0,3
governor,NC,2024-10-28,57.0,41.0,3
governor,NC,2024-10-28,59.0,38.0,3
governor,NC,2024-10-28,53.0,37.0,3
governor,NC,2024-10-29,53.8,39.2,3
governor,NC,2024-10-29,55.2,39.5,3
governor,NC,2024-10-31,51.5,42.1,3
governor,NC,2024-10-31,57.6,42.4,3
governor,NC,2024-11-01,52.1,35.9,3
governor,NC,2024-11-02,52.1,41.0,3
governor,NC,2024-11-02,51.6,40.1,3
governor,NC,2024-11-02,56.0,36.0,3
governor,NC,2024-11-02,56.0,38.0,3
governor,NC,2024-11-04,54.0,37.5,3
governor,ND,2024-06-19,22.0,61.0,3
governor,ND,2024-09-30,24.0,54.0,3
governor,NH,2024-09-12,43.0,46.0,3
governor,NH,2024-09-16,47.0,46.0,3
governor,NH,2024-10-02,44.0,47.0,3
governor,NH,2024-10-10,41.0,42.0,3
governor,NH,2024-10-18,51.1,45.5,3
governor,NH,2024-10-23,45.6,49.5,3
governor,NH,2024-10-23,43.0,45.0,3
governor,NH,2024-10-26,48.1,51.9,3
governor,NH,2024-10-29,46.0,49.0,3
governor,NH,2024-11-02,44.0,48.0,3
governor,UT,2024-08-09,19.0,59.0,3
governor,UT,2024-08-09,17.0,56.0,3
governor,UT,2024-09-04,27.0,48.1,3
governor,UT,2024-09-28,24.0,35.0,3
governor,UT,2024-09-28,32.0,45.0,3
governor,UT,2024-10-07,23.0,49.0,3
governor,UT,2024-10-07,26.0,54.0,3
governor,UT,2024-10-19,21.0,61.0,3
governor,UT,2024-10-28,26.0,43.0,3
governor,VA,2024-09-09,39.0,39.0,3
governor,VA,2024-09-09,40.0,39.0,3
governor,VT,2024-08-19,28.0,56.0,3
governor,VT,2024-11-02,26.0,65.0,3
governor,WA,2024-02-14,46.0,42.0,3
governor,WA,2024-03-21,30.0,39.0,3
governor,WA,2024-05-16,48.0,42.0,3
governor,WA,2024-07-17,45.0,32.0,3
governor,WA,2024-07-25,49.0,43.0,3
governor,WA,2024-07-25,52.0,38.0,3
governor,WA,2024-08-30,48.0,44.5,3
governor,WA,2024-09-06,50.0,39.0,3
governor,WA,2024-10-12,51.0,37.0,3
governor,WA,2024-10-14,50.0,34.0,3
governor,WA,2024-10-17,48.0,41.0,3
governor,WA,2024-10-20,58.1,41.9,3
governor,WA,2024-10-29,58.6,41.4,3
governor,WA,2024-11-03,54.0,40.0,3
governor,WV,2024-06-04,21.0,34.0,3
governor,WV,2024-08-27,35.0,49.0,3
president,AK,2024-09-01,43,53,5
president,AK,2024-10-09,46,54,3
president,AK,2024-10-22,45,55,3
president,AR,2024-09-06,40,55,5
president,AZ,2024-02-19,40,48,3
president,AZ,2024-05-13,42,51,3
president,AZ,2024-07-11,44,52,4
president,AZ,2024-07-16,42,48,4
president,AZ,2024-07-23,44,49,3
president,AZ,2024-07-28,49,47,3
president,AZ,2024-07-30,47,49,4
president,AZ,2024-08-05,44,42,4
president,AZ,2024-08-08,47,48,3
president,AZ,2024-08-15,50,45,4
president,AZ,2024-08-17,45,47,3
president,AZ,2024-08-20,48,49,3
president,AZ,2024-08-26,50,49,3
president,AZ,2024-08-26,48,48,3
president,AZ,2024-08-28,47,50,3
president,AZ,2024-08-31,48,49,3
president,AZ,2024-09-03,47,49,3
president,AZ,2024-09-05,47,47,3
president,AZ,2024-09-09,46,46,3
president,AZ,2024-09-12,46,47,3
president,AZ,2024-09-18,48,49,3
president,AZ,2024-09-21,45,50,3
president,AZ,2024-09-22,47,49,3
president,AZ,2024-09-24,48,51,3
president,AZ,2024-09-24,49,50,3
president,AZ,2024-09-25,49,50,3
president,AZ,2024-09-28,48,50,3
president,AZ,2024-10-02,46,50,3
president,AZ,2024-10-08,47,49,3
president,AZ,2024-10-10,46,51,3
president,AZ,2024-10-16,48,51,3
president,AZ,2024-10-17,49,49,3
president,AZ,2024-10-21,47,50,3
president,AZ,2024-10-22,49,50,3
president,AZ,2024-10-26,46,48,3
president,AZ,2024-10-29,47,51,3
president,AZ,2024-10-30,48,48,3
president,AZ,2024-10-31,47,51,3
president,AZ,2024-11-01,46,49,3
president,AZ,2024-11-02,48,50,3
president,AZ,2024-11-04,47,52,3
president,CA,2024-08-11,59,34,2
president,CA,2024-09-05,60,36,3
president,CA,2024-10-14,59,35,3
president,CA,2024-10-28,57,35,2
president,CA,2024-11-03,64,32,5
president,CO,2024-09-08,55,40,4
president,CO,2024-09-14,53,42,4
president,CO,2024-09-18,53,42,4
president,CO,2024-10-30,55,41,4
president,CO,2024-10-30,53,41,4
president,CT,2024-09-18,52,37,4
president,DE,2024-09-19,56,36,6
president,DE,2024-09-21,54,37,4
president,FL,2024-07-16,39,49,4
president,FL,2024-07-27,42,49,5
president,FL,2024-08-11,46,50,3
president,FL,2024-08-15,46,54,5
president,FL,2024-08-22,47,51,4
president,FL,2024-08-31,47,53,5
president,FL,2024-09-05,45,50,3
president,FL,2024-09-08,47,49,2
president,FL,2024-09-18,47,50,2
president,FL,2024-09-25,46,51,3
president,FL,2024-09-26,46,50,4
president,FL,2024-09-27,47,50,3
president,FL,2024-10-06,41,55,5
president,FL,2024-10-07,47,51,3
president,FL,2024-10-17,45,52,3
president,FL,2024-10-20,44,52,3
president,FL,2024-10-25,45,50,3
president,FL,2024-10-27,44,53,3
president,FL,2024-11-01,46,51,3
president,FL,2024-11-03,44,51,5
president,GA,2024-02-16,41,51,3
president,GA,2024-05-13,41,49,3
president,GA,2024-07-15,42,46,4
president,GA,2024-07-16,37,47,4
president,GA,2024-07-22,47,48,5
president,GA,2024-07-23,46,48,3
president,GA,2024-07-26,46,50,4
president,GA,2024-07-28,47,47,3
president,GA,2024-07-30,47,49,4
president,GA,2024-07-30,48,47,4
president,GA,2024-07-31,48,48,4
president,GA,2024-08-08,48,48,4
president,GA,2024-08-14,46,50,4
president,GA,2024-08-16,48,52,4
president,GA,2024-08-20,49,49,4
president,GA,2024-08-26,50,47,4
president,GA,2024-08-26,50,48,3
president,GA,2024-08-28,49,48,3
president,GA,2024-08-31,48,48,4
president,GA,2024-09-03,48,49,3
president,GA,2024-09-06,45,47,4
president,GA,2024-09-08,46,49,3
president,GA,2024-09-08,48,48,3
president,GA,2024-09-10,50,50,5
president,GA,2024-09-13,45,46,3
president,GA,2024-09-18,47,50,3
president,GA,2024-09-18,48,49,3
president,GA,2024-09-21,45,49,4
president,GA,2024-09-22,47,50,3
president,GA,2024-09-23,49,47,4
president,GA,2024-09-24,51,48,3
president,GA,2024-09-24,49,50,4
president,GA,2024-09-25,49,50,3
president,GA,2024-09-29,45,50,3
president,GA,2024-09-30,48,48,4
president,GA,2024-10-02,44,47,4
president,GA,2024-10-08,48,49,3
president,GA,2024-10-09,45,50,3
president,GA,2024-10-10,47,49,4
president,GA,2024-10-14,46,52,3
president,GA,2024-10-15,47,49,3
president,GA,2024-10-16,48,49,3
president,GA,2024-10-17,48,50,3
president,GA,2024-10-20,48,50,3
president,GA,2024-10-22,49,49,4
president,GA,2024-10-24,47,49,3
president,GA,2024-10-26,46,48,3
president,GA,2024-10-27,49,50,4
president,GA,2024-10-28,46,51,3
president,GA,2024-10-30,48,50,2
president,GA,2024-10-31,48,50,3
president,GA,2024-11-01,48,50,3
president,GA,2024-11-02,49,50,3
president,GA,2024-11-03,48,49,3
president,GA,2024-11-04,48,50,3
president,IA,2024-09-11,43,47,4
president,IA,2024-09-28,45,51,4
president,IA,2024-10-31,47,44,3
president,IA,2024-11-02,43,53,3
president,IA,2024-11-03,46,52,3
president,IA,2024-11-03,44,52,4
president,IL,2024-08-29,58,42,5
president,IL,2024-10-05,59,41,5
president,IL,2024-10-28,58,42,5
president,IN,2024-09-02,42,52,4
president,IN,2024-09-13,40,57,3
president,IN,2024-09-25,39,55,4
president,IN,2024-10-28,42,58,5
president,KS,2024-10-16,43,48,3
president,MA,2024-09-18,63,35,4
president,MA,2024-10-26,59,36,3
president,MA,2024-10-30,66,34,5
president,MD,2024-08-30,56,35,3
president,MD,2024-09-13,65,33,3
president,MD,2024-09-17,64,33,4
president,MD,2024-09-18,61,33,4
president,MD,2024-09-23,64,32,3
president,MD,2024-10-21,64,34,3
president,MD,2024-10-22,61,33,4
president,MD,2024-10-30,64,37,5
president,MD,2024-10-31,64,31,5
president,ME,2024-07-25,54,45,3
president,ME,2024-08-19,58,41,3
president,ME,2024-09-15,50,41,3
president,ME,2024-10-29,51,43,4
president,ME,2024-11-02,52,41,2
president,MI,2024-05-13,44,47,3
president,MI,2024-07-12,46,48,4
president,MI,2024-07-23,45,46,3
president,MI,2024-07-24,49,49,3
president,MI,2024-07-26,46,49,4
president,MI,2024-07-28,53,42,4
president,MI,2024-07-29,45,45,5
president,MI,2024-08-08,49,47,4
president,MI,2024-08-08,50,46,5
president,MI,2024-08-08,47,46,4
president,MI,2024-08-08,49,46,4
president,MI,2024-08-11,48,43,4
president,MI,2024-08-11,48,48,4
president,MI,2024-08-16,53,47,4
president,MI,2024-08-19,48,47,3
president,MI,2024-08-21,46,48,5
president,MI,2024-08-22,48,46,4
president,MI,2024-08-26,46,47,4
president,MI,2024-08-26,49,47,4
president,MI,2024-08-28,50,47,3
president,MI,2024-08-28,50,50,5
president,MI,2024-08-30,47,47,3
president,MI,2024-09-01,47,46,4
president,MI,2024-09-03,48,48,3
president,MI,2024-09-06,50,49,4
president,MI,2024-09-06,47,47,3
president,MI,2024-09-08,49,46,3
president,MI,2024-09-11,48,48,4
president,MI,2024-09-12,48,49,4
president,MI,2024-09-16,51,46,3
president,MI,2024-09-17,52,47,3
president,MI,2024-09-18,49,47,3
president,MI,2024-09-18,52,44,3
president,MI,2024-09-22,48,48,3
president,MI,2024-09-23,51,45,4
president,MI,2024-09-25,47,51,3
president,MI,2024-09-25,51,48,3
president,MI,2024-09-25,50,47,3
president,MI,2024-09-26,48,47,4
president,MI,2024-09-27,50,46,3
president,MI,2024-09-30,48,49,4
president,MI,2024-09-30,44,47,3
president,MI,2024-10-02,48,46,4
president,MI,2024-10-07,46,44,5
president,MI,2024-10-07,47,51,3
president,MI,2024-10-08,48,49,4
president,MI,2024-10-08,49,49,3
president,MI,2024-10-09,46,48,4
president,MI,2024-10-09,48,49,3
president,MI,2024-10-10,52,48,3
president,MI,2024-10-13,49,48,4
president,MI,2024-10-14,47,48,3
president,MI,2024-10-15,49,47,3
president,MI,2024-10-16,48,48,3
president,MI,2024-10-17,47,50,3
president,MI,2024-10-18,53,45,4
president,MI,2024-10-20,44,46,3
president,MI,2024-10-20,50,46,4
president,MI,2024-10-21,50,46,3
president,MI,2024-10-26,49,50,3
president,MI,2024-10-27,47,48,4
president,MI,2024-10-27,48,49,3
president,MI,2024-10-27,52,47,5
president,MI,2024-10-28,47,46,4
president,MI,2024-10-28,49,49,3
president,MI,2024-10-29,48,49,3
president,MI,2024-10-29,49,49,3
president,MI,2024-10-30,51,48,3
president,MI,2024-10-30,48,48,4
president,MI,2024-10-31,49,49,3
president,MI,2024-10-31,48,48,3
president,MI,2024-10-31,49,48,3
president,MI,2024-11-01,48,50,3
president,MI,2024-11-02,50,48,3
president,MI,2024-11-02,47,47,3
president,MI,2024-11-03,49,47,5
president,MI,2024-11-04,48,50,3
president,MN,2024-07-24,52,46,3
president,MN,2024-07-25,50,40,4
president,MN,2024-08-29,48,43,4
president,MN,2024-09-08,49,45,3
president,MN,2024-09-08,51,44,4
president,MN,2024-09-18,48,43,3
president,MN,2024-09-18,50,43,4
president,MN,2024-09-22,49,46,3
president,MN,2024-09-26,50,44,4
president,MN,2024-10-22,48,45,2
president,MN,2024-10-26,50,47,3
president,MN,2024-10-28,51,43,4
president,MN,2024-11-03,51,44,5
president,MN,2024-11-04,49,47,2
president,MO,2024-08-16,41,54,4
president,MO,2024-09-12,44,55,4
president,MO,2024-09-13,43,53,3
president,MO,2024-09-13,41,50,3
president,MO,2024-10-27,42,58,5
president,MO,2024-11-03,39,54,5
president,MT,2024-08-06,40,55,3
president,MT,2024-08-20,35,58,3
president,MT,2024-08-29,41,56,4
president,MT,2024-09-19,38,59,4
president,MT,2024-10-08,40,57,4
president,MT,2024-10-25,39,58,3
president,MT,2024-11-04,39,59,4
president,NC,2024-02-16,41,50,3
president,NC,2024-05-13,40,50,3
president,NC,2024-07-28,48,46,4
president,NC,2024-08-08,48,46,4
president,NC,2024-08-08,47,48,4
president,NC,2024-08-14,47,49,4
president,NC,2024-08-16,50,50,4
president,NC,2024-08-20,47,47,4
president,NC,2024-08-21,45,46,4
president,NC,2024-08-26,49,49,4
president,NC,2024-08-26,49,50,3
president,NC,2024-08-27,46,50,4
president,NC,2024-08-28,48,49,3
president,NC,2024-08-31,48,49,4
president,NC,2024-08-31,50,50,5
president,NC,2024-09-03,48,50,3
president,NC,2024-09-06,45,47,4
president,NC,2024-09-07,49,46,4
president,NC,2024-09-08,47,50,3
president,NC,2024-09-08,48,48,3
president,NC,2024-09-12,46,48,3
president,NC,2024-09-12,47,48,3
president,NC,2024-09-13,46,49,3
president,NC,2024-09-13,46,46,3
president,NC,2024-09-17,47,50,4
president,NC,2024-09-18,48,49,3
president,NC,2024-09-18,47,49,3
president,NC,2024-09-20,48,48,3
president,NC,2024-09-21,49,47,4
president,NC,2024-09-22,46,49,3
president,NC,2024-09-23,49,48,4
president,NC,2024-09-24,49,50,3
president,NC,2024-09-24,49,49,4
president,NC,2024-09-25,48,51,3
president,NC,2024-09-25,49,49,3
president,NC,2024-09-25,50,48,3
president,NC,2024-09-27,46,49,3
president,NC,2024-09-28,49,48,3
president,NC,2024-09-29,49,48,3
president,NC,2024-09-29,48,50,3
president,NC,2024-09-30,49,50,3
president,NC,2024-10-06,49,51,5
president,NC,2024-10-08,48,49,3
president,NC,2024-10-09,47,48,3
president,NC,2024-10-13,45,47,3
president,NC,2024-10-14,47,50,3
president,NC,2024-10-14,46,51,3
president,NC,2024-10-15,49,48,3
president,NC,2024-10-17,51,49,2
president,NC,2024-10-17,46,46,4
president,NC,2024-10-20,47,49,3
president,NC,2024-10-20,47,46,3
president,NC,2024-10-20,48,50,3
president,NC,2024-10-21,46,49,4
president,NC,2024-10-22,48,50,3
president,NC,2024-10-22,48,50,4
president,NC,2024-10-26,47,47,4
president,NC,2024-10-28,49,50,3
president,NC,2024-10-28,46,49,3
president,NC,2024-10-29,49,48,3
president,NC,2024-10-30,47,50,3
president,NC,2024-10-31,47,51,3
president,NC,2024-10-31,49,50,4
president,NC,2024-11-01,47,49,3
president,NC,2024-11-02,49,47,4
president,NC,2024-11-02,48,49,3
president,NC,2024-11-02,48,46,3
president,NC,2024-11-04,48,50,3
president,ND,2024-09-26,40,50,4
president,ND,2024-09-30,32,59,4
president,NE,2024-10-26,42,55,3
president,NH,2024-07-25,53,46,2
president,NH,2024-07-28,50,46,3
president,NH,2024-08-19,52,47,2
president,NH,2024-10-18,59,38,2
president,NH,2024-10-23,50,47,3
president,NH,2024-10-26,50,50,3
president,NH,2024-10-28,48,47,3
president,NH,2024-11-03,62,34,4
president,NJ,2024-10-22,55,35,3
president,NJ,2024-10-24,52,40,4
president,NJ,2024-10-28,57,43,5
president,NJ,2024-11-03,57,40,5
president,NM,2024-08-22,52,42,3
president,NM,2024-09-18,50,42,5
president,NM,2024-09-22,50,44,3
president,NM,2024-10-26,49,44,3
president,NM,2024-10-31,50,44,5
president,NM,2024-11-03,50,45,4
president,NV,2024-02-19,39,48,3
president,NV,2024-05-13,44,47,5
president,NV,2024-07-16,40,50,3
president,NV,2024-07-28,47,45,5
president,NV,2024-07-29,45,46,5
president,NV,2024-08-08,45,48,4
president,NV,2024-08-15,47,48,4
president,NV,2024-08-18,46,48,3
president,NV,2024-08-26,50,46,5
president,NV,2024-08-26,50,48,3
president,NV,2024-08-28,49,48,3
president,NV,2024-08-31,47,48,3
president,NV,2024-09-03,47,47,3
president,NV,2024-09-08,48,48,4
president,NV,2024-09-13,45,44,3
president,NV,2024-09-16,48,47,4
president,NV,2024-09-18,48,48,3
president,NV,2024-09-18,51,47,5
president,NV,2024-09-19,47,44,4
president,NV,2024-09-20,48,49,3
president,NV,2024-09-22,48,49,3
president,NV,2024-09-25,51,48,3
president,NV,2024-09-25,48,47,5
president,NV,2024-09-25,52,45,4
president,NV,2024-09-25,49,48,3
president,NV,2024-09-25,48,49,4
president,NV,2024-09-30,48,49,3
president,NV,2024-10-02,45,47,4
president,NV,2024-10-03,49,47,3
president,NV,2024-10-08,48,47,3
president,NV,2024-10-09,47,50,3
president,NV,2024-10-13,46,45,3
president,NV,2024-10-14,47,49,3
president,NV,2024-10-15,47,49,4
president,NV,2024-10-15,49,45,4
president,NV,2024-10-17,48,48,3
president,NV,2024-10-20,49,48,5
president,NV,2024-10-21,48,48,3
president,NV,2024-10-28,48,48,3
president,NV,2024-10-29,48,49,3
president,NV,2024-10-30,47,49,3
president,NV,2024-10-31,47,51,3
president,NV,2024-10-31,48,47,4
president,NV,2024-10-31,49,48,4
president,NV,2024-11-02,48,48,3
president,NV,2024-11-02,49,46,3
president,NV,2024-11-04,47,50,4
president,NY,2024-08-01,53,39,4
president,NY,2024-09-16,55,42,4
president,NY,2024-09-25,54,40,3
president,NY,2024-10-17,58,39,4
president,NY,2024-10-27,59,41,5
president,NY,2024-11-03,57,41,5
president,OH,2024-07-28,42,52,4
president,OH,2024-08-17,44,51,3
president,OH,2024-09-01,43,52,4
president,OH,2024-09-05,43,53,3
president,OH,2024-09-08,44,52,3
president,OH,2024-09-18,43,52,3
president,OH,2024-09-20,43,54,3
president,OH,2024-09-26,44,50,4
president,OH,2024-09-27,44,51,4
president,OH,2024-10-07,46,52,3
president,OH,2024-10-07,45,51,3
president,OH,2024-10-14,44,51,3
president,OH,2024-10-15,45,52,3
president,OH,2024-10-21,43,50,4
president,OH,2024-10-24,44,53,3
president,OH,2024-10-28,46,52,3
president,OH,2024-11-02,42,54,3
president,OH,2024-11-04,45,54,3
president,OH,2024-11-04,45,52,3
president,OK,2024-08-31,40,56,5
president,OK,2024-10-29,33,67,5
president,OR,2024-07-26,49,44,4
president,OR,2024-10-17,53,41,4
president,PA,2024-02-16,40,49,3
president,PA,2024-05-13,43,50,3
president,PA,2024-07-11,47,48,4
president,PA,2024-07-12,45,51,4
president,PA,2024-07-16,40,47,3
president,PA,2024-07-21,45,47,4
president,PA,2024-07-21,46,50,4
president,PA,2024-07-23,46,48,3
president,PA,2024-07-24,49,49,3
president,PA,2024-07-25,48,47,3
president,PA,2024-07-28,46,48,4
president,PA,2024-07-28,46,50,4
president,PA,2024-07-29,48,45,5
president,PA,2024-07-30,47,48,4
president,PA,2024-07-30,50,46,4
president,PA,2024-08-01,48,48,4
president,PA,2024-08-08,44,46,3
president,PA,2024-08-08,46,48,4
president,PA,2024-08-08,49,48,3
president,PA,2024-08-09,50,46,4
president,PA,2024-08-11,49,45,4
president,PA,2024-08-12,50,47,2
president,PA,2024-08-14,48,49,3
president,PA,2024-08-15,48,47,3
president,PA,2024-08-16,50,50,4
president,PA,2024-08-17,46,47,3
president,PA,2024-08-19,46,47,3
president,PA,2024-08-20,48,47,4
president,PA,2024-08-21,46,47,5
president,PA,2024-08-22,51,49,5
president,PA,2024-08-23,47,48,3
president,PA,2024-08-23,47,47,5
president,PA,2024-08-26,51,47,4
president,PA,2024-08-28,48,48,3
president,PA,2024-08-29,49,49,3
president,PA,2024-08-30,45,47,3
president,PA,2024-09-03,48,49,3
president,PA,2024-09-06,46,48,3
president,PA,2024-09-06,50,50,4
president,PA,2024-09-08,49,46,2
president,PA,2024-09-15,48,50,3
president,PA,2024-09-16,48,48,4
president,PA,2024-09-16,51,46,3
president,PA,2024-09-16,50,46,4
president,PA,2024-09-16,49,46,4
president,PA,2024-09-17,49,49,3
president,PA,2024-09-18,47,48,3
president,PA,2024-09-18,52,47,4
president,PA,2024-09-18,49,47,2
president,PA,2024-09-19,48,48,6
president,PA,2024-09-20,48,47,3
president,PA,2024-09-22,48,48,3
president,PA,2024-09-22,46,46,4
president,PA,2024-09-23,48,48,4
president,PA,2024-09-24,49,49,3
president,PA,2024-09-24,50,47,4
president,PA,2024-09-25,48,51,2
president,PA,2024-09-25,50,49,3
president,PA,2024-09-25,51,46,3
president,PA,2024-09-25,52,48,5
president,PA,2024-09-29,47,47,3
president,PA,2024-09-29,48,48,3
president,PA,2024-09-29,50,46,3
president,PA,2024-09-29,45,48,3
president,PA,2024-10-02,46,46,4
president,PA,2024-10-07,48,47,5
president,PA,2024-10-07,49,47,3
president,PA,2024-10-07,47,48,3
president,PA,2024-10-08,47,49,4
president,PA,2024-10-08,48,49,3
president,PA,2024-10-09,48,49,3
president,PA,2024-10-09,48,49,3
president,PA,2024-10-10,50,47,4
president,PA,2024-10-10,50,50,3
president,PA,2024-10-13,47,50,3
president,PA,2024-10-15,49,48,3
president,PA,2024-10-15,49,47,4
president,PA,2024-10-17,47,50,2
president,PA,2024-10-17,50,48,3
president,PA,2024-10-18,49,49,4
president,PA,2024-10-19,43,46,3
president,PA,2024-10-20,48,50,3
president,PA,2024-10-20,50,48,3
president,PA,2024-10-20,49,50,5
president,PA,2024-10-22,48,49,3
president,PA,2024-10-22,48,47,2
president,PA,2024-10-22,46,46,4
president,PA,2024-10-26,47,47,4
president,PA,2024-10-27,47,48,3
president,PA,2024-10-27,48,48,3
president,PA,2024-10-28,47,49,3
president,PA,2024-10-28,49,50,3
president,PA,2024-10-28,47,49,2
president,PA,2024-10-28,49,49,3
president,PA,2024-10-29,47,50,3
president,PA,2024-10-30,50,48,3
president,PA,2024-10-30,51,48,3
president,PA,2024-10-30,49,47,6
president,PA,2024-10-30,46,52,4
president,PA,2024-10-30,48,47,3
president,PA,2024-10-31,48,49,2
president,PA,2024-10-31,47,49,3
president,PA,2024-10-31,48,48,3
president,PA,2024-11-01,47,48,3
president,PA,2024-11-02,48,49,3
president,PA,2024-11-02,48,49,3
president,PA,2024-11-02,48,48,3
president,PA,2024-11-02,49,47,3
president,PA,2024-11-03,48,47,5
president,PA,2024-11-04,49,50,2
president,RI,2024-09-18,56,43,4
president,SC,2024-09-29,42,52,3
president,SC,2024-10-29,42,58,5
president,SD,2024-10-22,35,62,3
president,TN,2024-10-08,35,56,3
president,TN,2024-10-28,38,62,5
president,TX,2024-08-13,47,53,5
president,TX,2024-08-22,44,49,4
president,TX,2024-08-31,44,49,3
president,TX,2024-08-31,45,54,5
president,TX,2024-09-05,46,50,3
president,TX,2024-09-08,43,52,2
president,TX,2024-09-18,46,50,2
president,TX,2024-09-24,46,51,3
president,TX,2024-09-26,46,51,3
president,TX,2024-09-27,45,51,3
president,TX,2024-10-06,44,50,3
president,TX,2024-10-06,45,50,3
president,TX,2024-10-07,46,53,4
president,TX,2024-10-15,46,50,2
president,TX,2024-10-17,46,51,3
president,TX,2024-10-21,46,53,3
president,TX,2024-10-25,44,50,3
president,TX,2024-10-26,42,52,3
president,TX,2024-10-31,45,52,2
president,TX,2024-11-04,44,55,2
president,UT,2024-09-28,39,54,4
president,UT,2024-10-07,38,54,4
president,UT,2024-10-30,40,60,5
president,VA,2024-08-16,47,44,4
president,VA,2024-08-20,64,32,4
president,VA,2024-09-08,51,43,3
president,VA,2024-09-08,52,42,3
president,VA,2024-09-09,48,46,4
president,VA,2024-09-18,51,44,3
president,VA,2024-09-22,49,46,3
president,VA,2024-09-24,52,44,3
president,VA,2024-10-04,52,41,4
president,VA,2024-10-23,49,43,3
president,VA,2024-10-24,49,48,4
president,VA,2024-10-25,48,46,3
president,VA,2024-10-28,54,46,5
president,VA,2024-11-03,51,45,5
president,VA,2024-11-04,51,46,2
president,VT,2024-08-19,70,29,3
president,VT,2024-11-02,63,31,3
president,WA,2024-09-06,53,32,5
president,WA,2024-10-12,57,32,5
president,WA,2024-10-14,57,35,5
president,WA,2024-10-16,55,39,4
president,WA,2024-10-17,55,40,4
president,WA,2024-10-29,59,41,5
president,WA,2024-11-03,54,39,5
president,WI,2024-02-24,44,47,3
president,WI,2024-05-13,41,49,4
president,WI,2024-07-10,47,48,5
president,WI,2024-07-11,48,49,3
president,WI,2024-07-23,47,47,3
president,WI,2024-07-24,49,50,3
president,WI,2024-07-28,49,47,4
president,WI,2024-07-29,48,46,5
president,WI,2024-08-01,49,45,5
president,WI,2024-08-05,48,45,3
president,WI,2024-08-08,48,49,3
president,WI,2024-08-08,48,48,4
president,WI,2024-08-08,49,46,4
president,WI,2024-08-08,50,46,4
president,WI,2024-08-11,51,42,4
president,WI,2024-08-14,47,46,3
president,WI,2024-08-15,46,45,4
president,WI,2024-08-16,52,48,4
president,WI,2024-08-19,48,47,3
president,WI,2024-08-20,48,45,4
president,WI,2024-08-21,48,45,5
president,WI,2024-08-21,49,45,5
president,WI,2024-08-23,51,46,6
president,WI,2024-08-26,53,44,4
president,WI,2024-08-28,48,49,3
president,WI,2024-08-30,46,47,3
president,WI,2024-09-03,48,48,3
president,WI,2024-09-05,49,44,5
president,WI,2024-09-06,47,47,3
president,WI,2024-09-06,51,49,4
president,WI,2024-09-08,49,46,4
president,WI,2024-09-12,49,47,3
president,WI,2024-09-14,49,48,4
president,WI,2024-09-16,49,48,3
president,WI,2024-09-17,50,49,4
president,WI,2024-09-18,48,49,3
president,WI,2024-09-18,53,46,4
president,WI,2024-09-18,50,44,4
president,WI,2024-09-22,49,49,3
president,WI,2024-09-23,51,45,4
president,WI,2024-09-25,48,50,3
president,WI,2024-09-25,49,47,3
president,WI,2024-09-25,51,48,3
president,WI,2024-09-26,49,47,4
president,WI,2024-09-26,50,45,4
president,WI,2024-09-29,52,48,5
president,WI,2024-09-30,46,47,3
president,WI,2024-10-02,46,47,4
president,WI,2024-10-06,47,48,4
president,WI,2024-10-07,47,45,5
president,WI,2024-10-07,47,49,3
president,WI,2024-10-08,49,49,3
president,WI,2024-10-09,48,48,4
president,WI,2024-10-09,48,49,3
president,WI,2024-10-14,49,50,3
president,WI,2024-10-14,47,49,3
president,WI,2024-10-15,47,48,4
president,WI,2024-10-16,48,49,3
president,WI,2024-10-17,49,48,3
president,WI,2024-10-18,50,47,4
president,WI,2024-10-20,47,47,3
president,WI,2024-10-20,48,48,4
president,WI,2024-10-21,48,48,3
president,WI,2024-10-22,48,49,3
president,WI,2024-10-24,48,46,4
president,WI,2024-10-27,48,49,3
president,WI,2024-10-28,51,45,5
president,WI,2024-10-29,49,49,4
president,WI,2024-10-29,49,49,4
president,WI,2024-10-29,47,50,3
president,WI,2024-10-29,49,49,3
president,WI,2024-10-30,50,48,3
president,WI,2024-10-30,51,47,4
president,WI,2024-10-30,49,49,4
president,WI,2024-10-30,48,48,3
president,WI,2024-10-31,49,49,4
president,WI,2024-10-31,47,48,3
president,WI,2024-10-31,48,49,4
president,WI,2024-11-01,48,50,4
president,WI,2024-11-02,49,49,3
president,WI,2024-11-02,48,49,3
president,WI,2024-11-02,49,47,3
president,WI,2024-11-02,49,48,3
president,WI,2024-11-03,49,46,5
president,WI,2024-11-04,49,50,3
president,WV,2024-08-27,34,61,5
senate,AZ,2024-01-06,36.0,35.0,3
senate,AZ,2024-01-06,45.0,46.0,3
senate,AZ,2024-02-01,44.0,46.0,3
senate,AZ,2024-02-01,39.0,40.0,3
senate,AZ,2024-02-13,47.0,37.0,3
senate,AZ,2024-02-13,34.0,31.0,3
senate,AZ,2024-02-19,35.9,30.0,3
senate,AZ,2024-02-19,45.8,38.8,3
senate,AZ,2024-02-26,42.0,45.0,3
senate,AZ,2024-02-26,33.0,37.0,3
senate,AZ,2024-03-15,50.6,49.4,3
senate,AZ,2024-03-31,36.0,28.0,3
senate,AZ,2024-04-11,39.0,34.0,3
senate,AZ,2024-04-29,48.1,43.9,3
senate,AZ,2024-04-29,45.3,43.1,3
senate,AZ,2024-05-09,45.0,41.0,3
senate,AZ,2024-05-09,46.0,43.0,3
senate,AZ,2024-05-13,46.0,41.0,3
senate,AZ,2024-05-14,46.0,36.0,3
senate,AZ,2024-05-16,49.0,36.0,3
senate,AZ,2024-05-21,44.1,37.5,3
senate,AZ,2024-05-21,47.6,39.3,3
senate,AZ,2024-06-04,48.0,45.0,3
senate,AZ,2024-06-18,45.4,40.8,3
senate,AZ,2024-06-20,39.0,38.0,3
senate,AZ,2024-07-01,47.0,47.0,3
senate,AZ,2024-07-08,49.0,45.0,3
senate,AZ,2024-07-11,43.0,44.0,3
senate,AZ,2024-07-11,50.0,47.0,3
senate,AZ,2024-07-20,49.0,42.0,3
senate,AZ,2024-07-23,46.2,42.2,3
senate,AZ,2024-08-02,51.0,42.0,3
senate,AZ,2024-08-03,42.0,36.0,3
senate,AZ,2024-08-05,46.0,46.0,3
senate,AZ,2024-08-05,49.6,38.6,3
senate,AZ,2024-08-13,48.0,46.0,3
senate,AZ,2024-08-15,44.0,39.0,3
senate,AZ,2024-08-15,49.0,41.0,3
senate,AZ,2024-08-15,51.0,42.0,3
senate,AZ,2024-08-16,47.0,40.0,3
senate,AZ,2024-08-26,56.0,41.0,3
senate,AZ,2024-08-28,49.0,42.2,3
senate,AZ,2024-08-28,42.0,37.0,3
senate,AZ,2024-08-29,47.0,44.0,3
senate,AZ,2024-08-31,49.4,44.9,3
senate,AZ,2024-08-31,46.6,36.3,3
senate,AZ,2024-09-08,49.1,41.0,3
senate,AZ,2024-09-09,48.0,42.0,3
senate,AZ,2024-09-12,47.2,43.0,3
senate,AZ,2024-09-18,48.2,42.2,3
senate,AZ,2024-09-18,52.6,39.0,3
senate,AZ,2024-09-19,46.0,41.0,3
senate,AZ,2024-09-21,50.0,41.0,3
senate,AZ,2024-09-21,49.0,43.0,3
senate,AZ,2024-09-24,56.0,42.0,3
senate,AZ,2024-09-24,55.0,42.0,3
senate,AZ,2024-09-24,53.0,44.0,3
senate,AZ,2024-09-24,54.0,44.0,3
senate,AZ,2024-09-24,46.6,40.6,3
senate,AZ,2024-09-25,49.8,45.7,3
senate,AZ,2024-09-25,54.0,41.0,3
senate,AZ,2024-09-28,52.2,40.8,3
senate,AZ,2024-09-29,51.2,41.4,3
senate,AZ,2024-09-29,48.0,42.0,3
senate,AZ,2024-09-30,49.6,43.1,3
senate,AZ,2024-10-01,51.0,44.0,3
senate,AZ,2024-10-02,52.0,42.0,3
senate,AZ,2024-10-02,48.0,42.0,3
senate,AZ,2024-10-07,51.3,38.8,3
senate,AZ,2024-10-08,50.0,43.4,3
senate,AZ,2024-10-10,48.0,41.0,3
senate,AZ,2024-10-10,48.0,39.0,3
senate,AZ,2024-10-10,52.8,47.2,3
senate,AZ,2024-10-13,47.6,43.9,3
senate,AZ,2024-10-14,47.0,42.0,3
senate,AZ,2024-10-15,52.0,40.0,3
senate,AZ,2024-10-16,54.0,45.0,3
senate,AZ,2024-10-17,49.7,46.2,3
senate,AZ,2024-10-18,48.0,41.0,3
senate,AZ,2024-10-20,50.0,45.8,3
senate,AZ,2024-10-20,51.7,42.3,3
senate,AZ,2024-10-20,51.2,35.9,3
senate,AZ,2024-10-22,53.0,45.0,3
senate,AZ,2024-10-26,49.7,45.9,3
senate,AZ,2024-10-26,51.0,43.0,3
senate,AZ,2024-10-27,49.0,34.0,3
senate,AZ,2024-10-28,50.0,46.0,3
senate,AZ,2024-10-28,50.0,47.0,3
senate,AZ,2024-10-28,44.5,45.2,3
senate,AZ,2024-10-29,48.4,47.9,3
senate,AZ,2024-10-30,48.0,44.0,3
senate,AZ,2024-10-30,50.0,45.0,3
senate,AZ,2024-10-30,50.0,42.0,3
senate,AZ,2024-10-31,49.0,44.0,3
senate,AZ,2024-10-31,49.0,45.0,3
senate,AZ,2024-10-31,54.3,45.7,3
senate,AZ,2024-11-02,49.3,47.2,3
senate,AZ,2024-11-02,50.1,45.2,3
senate,AZ,2024-11-02,51.0,43.0,3
senate,AZ,2024-11-02,50.0,45.0,3
senate,AZ,2024-11-03,49.7,47.0,3
senate,AZ,2024-11-03,50.5,48.3,3
senate,AZ,2024-11-03,49.0,48.5,3
senate,CA,2024-02-26,53.0,38.0,3
senate,CA,2024-02-26,52.0,38.0,3
senate,CA,2024-03-25,61.0,37.0,3
senate,CA,2024-06-02,62.0,37.0,3
senate,CA,2024-07-02,64.0,33.0,3
senate,CA,2024-08-11,53.0,33.0,3
senate,CA,2024-08-12,66.3,33.7,3
senate,CA,2024-09-05,54.7,32.5,3
senate,CA,2024-09-09,63.0,35.0,3
senate,CA,2024-09-21,62.7,37.3,3
senate,CA,2024-09-25,56.4,36.5,3
senate,CA,2024-10-01,53.0,36.0,3
senate,CA,2024-10-14,56.2,32.7,3
senate,CA,2024-10-15,63.0,37.0,3
senate,CA,2024-10-17,56.0,35.0,3
senate,CA,2024-10-18,63.4,36.6,3
senate,CA,2024-10-27,61.2,38.8,3
senate,CA,2024-10-29,55.0,34.0,3
senate,CA,2024-10-29,55.0,35.0,3
senate,CA,2024-10-30,60.0,35.8,3
senate,CA,2024-11-03,61.0,35.0,3
senate,CA,2024-11-03,60.0,37.0,3
senate,CT,2024-09-18,51.0,35.0,3
senate,DE,2024-09-19,52.1,31.6,3
senate,FL,2024-03-01,41.0,44.0,3
senate,FL,2024-03-11,35.6,46.9,3
senate,FL,2024-03-11,36.5,48.0,3
senate,FL,2024-04-07,26.0,36.0,3
senate,FL,2024-04-10,38.1,45.4,3
senate,FL,2024-04-17,35.1,51.5,3
senate,FL,2024-04-17,35.7,52.9,3
senate,FL,2024-05-07,39.0,54.0,3
senate,FL,2024-05-16,37.0,45.0,3
senate,FL,2024-06-09,40.0,44.0,3
senate,FL,2024-06-09,43.0,45.0,3
senate,FL,2024-06-09,33.0,46.0,3
senate,FL,2024-07-24,41.0,47.0,3
senate,FL,2024-07-24,43.0,49.0,3
senate,FL,2024-07-27,43.0,47.0,3
senate,FL,2024-08-08,42.0,52.0,3
senate,FL,2024-08-11,43.0,47.0,3
senate,FL,2024-08-22,43.0,46.0,3
senate,FL,2024-08-22,45.0,48.0,3
senate,FL,2024-08-26,44.0,51.0,3
senate,FL,2024-08-28,40.0,43.0,3
senate,FL,2024-09-05,44.8,45.8,3
senate,FL,2024-09-08,41.5,46.9,3
senate,FL,2024-09-09,41.0,44.0,3
senate,FL,2024-09-18,42.0,46.4,3
senate,FL,2024-09-19,41.0,45.0,3
senate,FL,2024-09-22,46.1,53.9,3
senate,FL,2024-09-23,44.0,46.0,3
senate,FL,2024-09-25,44.0,51.0,3
senate,FL,2024-09-25,43.8,44.6,3
senate,FL,2024-09-26,43.0,44.0,3
senate,FL,2024-09-26,44.0,47.0,3
senate,FL,2024-09-27,44.0,50.0,3
senate,FL,2024-10-02,41.0,44.0,3
senate,FL,2024-10-04,41.0,48.0,3
senate,FL,2024-10-06,39.0,48.0,3
senate,FL,2024-10-06,40.0,49.0,3
senate,FL,2024-10-07,48.0,50.0,3
senate,FL,2024-10-14,42.0,45.0,3
senate,FL,2024-10-17,44.0,52.0,3
senate,FL,2024-10-17,45.0,49.0,3
senate,FL,2024-10-18,42.0,45.0,3
senate,FL,2024-10-18,46.0,49.0,3
senate,FL,2024-10-20,47.2,52.8,3
senate,FL,2024-10-20,46.0,51.0,3
senate,FL,2024-10-20,48.1,51.9,3
senate,FL,2024-10-25,45.6,48.8,3
senate,FL,2024-10-27,46.0,50.0,3
senate,FL,2024-10-27,44.8,55.2,3
senate,FL,2024-10-28,45.2,49.1,3
senate,FL,2024-11-01,45.0,53.0,3
senate,FL,2024-11-01,45.0,48.0,3
senate,FL,2024-11-02,46.6,51.1,3
senate,FL,2024-11-03,43.0,50.0,3
senate,IN,2024-09-13,33.3,46.6,3
senate,IN,2024-09-25,35.0,49.0,3
senate,IN,2024-10-05,43.9,56.1,3
senate,IN,2024-10-28,42.6,57.4,3
senate,MA,2024-02-05,55.7,33.0,3
senate,MA,2024-05-30,50.0,23.0,3
senate,MA,2024-05-30,48.0,24.0,3
senate,MA,2024-05-30,47.0,24.0,3
senate,MA,2024-05-30,48.0,23.0,3
senate,MA,2024-09-16,58.0,32.0,3
senate,MA,2024-09-18,56.0,35.0,3
senate,MA,2024-09-21,53.0,32.0,3
senate,MA,2024-10-05,58.6,35.0,3
senate,MA,2024-10-10,56.0,34.0,3
senate,MA,2024-10-26,56.2,35.8,3
senate,MA,2024-10-30,63.1,36.9,3
senate,MA,2024-11-01,55.0,33.0,3
senate,MA,2024-11-02,60.0,37.0,3
senate,MD,2024-02-01,33.0,49.0,3
senate,MD,2024-02-01,29.0,52.0,3
senate,MD,2024-02-13,42.3,41.7,3
senate,MD,2024-02-13,36.8,44.4,3
senate,MD,2024-03-12,37.0,49.0,3
senate,MD,2024-03-12,36.0,50.0,3
senate,MD,2024-03-24,42.0,43.0,3
senate,MD,2024-03-24,40.0,44.0,3
senate,MD,2024-04-10,40.0,53.0,3
senate,MD,2024-04-10,36.0,54.0,3
senate,MD,2024-05-07,46.0,37.0,3
senate,MD,2024-05-07,47.0,37.0,3
senate,MD,2024-05-08,47.7,37.9,3
senate,MD,2024-05-08,48.7,37.6,3
senate,MD,2024-06-20,45.0,34.0,3
senate,MD,2024-06-20,48.0,40.0,3
senate,MD,2024-08-20,46.0,46.0,3
senate,MD,2024-08-30,46.3,41.1,3
senate,MD,2024-09-08,48.4,42.7,3
senate,MD,2024-09-13,49.3,41.9,3
senate,MD,2024-09-17,50.0,33.0,3
senate,MD,2024-09-18,50.2,38.6,3
senate,MD,2024-09-23,51.0,40.0,3
senate,MD,2024-09-23,50.0,41.0,3
senate,MD,2024-09-28,48.0,39.0,3
senate,MD,2024-10-15,51.0,38.0,3
senate,MD,2024-10-21,56.6,43.4,3
senate,MD,2024-10-22,52.0,40.0,3
senate,MD,2024-10-27,57.4,33.9,3
senate,MD,2024-10-30,48.3,39.7,3
senate,MD,2024-10-30,56.6,43.4,3
senate,MD,2024-10-31,49.4,41.8,3
senate,MD,2024-11-03,52.0,38.0,3
senate,ME,2024-04-30,12.0,28.0,3
senate,ME,2024-08-19,9.0,33.0,3
senate,ME,2024-09-15,8.0,23.0,3
senate,ME,2024-10-29,8.0,28.0,3
senate,ME,2024-11-02,7.0,35.0,3
senate,MI,2024-01-06,36.0,38.0,3
senate,MI,2024-01-06,38.0,37.0,3
senate,MI,2024-01-06,36.0,36.0,3
senate,MI,2024-02-18,39.0,38.0,3
senate,MI,2024-03-16,37.0,37.0,3
senate,MI,2024-03-18,41.0,38.8,3
senate,MI,2024-03-18,42.0,36.6,3
senate,MI,2024-03-18,41.5,34.2,3
senate,MI,2024-03-18,43.4,34.9,3
senate,MI,2024-04-25,40.0,37.0,3
senate,MI,2024-04-25,41.0,34.0,3
senate,MI,2024-04-25,41.0,35.0,3
senate,MI,2024-04-25,36.0,38.0,3
senate,MI,2024-04-25,36.0,39.0,3
senate,MI,2024-04-29,41.6,39.8,3
senate,MI,2024-05-19,43.0,37.0,3
senate,MI,2024-05-21,40.0,36.0,3
senate,MI,2024-05-31,41.0,41.0,3
senate,MI,2024-05-31,43.0,42.0,3
senate,MI,2024-06-03,36.0,33.0,3
senate,MI,2024-06-18,43.4,38.6,3
senate,MI,2024-06-26,44.0,42.0,3
senate,MI,2024-07-01,47.0,43.0,3
senate,MI,2024-07-08,46.0,40.0,3
senate,MI,2024-07-12,45.0,35.0,3
senate,MI,2024-07-17,43.0,40.0,3
senate,MI,2024-07-18,46.0,38.0,3
senate,MI,2024-07-23,44.7,40.6,3
senate,MI,2024-07-24,45.9,41.2,3
senate,MI,2024-07-24,51.0,46.0,3
senate,MI,2024-08-02,50.0,42.0,3
senate,MI,2024-08-08,42.0,41.0,3
senate,MI,2024-08-08,46.0,43.0,3
senate,MI,2024-08-11,48.0,38.0,3
senate,MI,2024-08-11,47.0,44.0,3
senate,MI,2024-08-21,43.0,43.0,3
senate,MI,2024-08-22,47.0,35.0,3
senate,MI,2024-08-22,49.0,39.0,3
senate,MI,2024-08-26,46.0,42.0,3
senate,MI,2024-08-28,47.3,40.9,3
senate,MI,2024-08-28,42.0,35.0,3
senate,MI,2024-08-29,43.5,35.0,3
senate,MI,2024-08-29,47.0,41.0,3
senate,MI,2024-09-01,44.0,43.0,3
senate,MI,2024-09-05,53.2,46.8,3
senate,MI,2024-09-06,39.0,38.0,3
senate,MI,2024-09-06,48.0,41.0,3
senate,MI,2024-09-08,48.7,40.0,3
senate,MI,2024-09-09,44.0,39.0,3
senate,MI,2024-09-16,51.0,46.0,3
senate,MI,2024-09-17,51.0,45.0,3
senate,MI,2024-09-17,52.0,45.0,3
senate,MI,2024-09-18,44.6,42.6,3
senate,MI,2024-09-18,46.6,42.1,3
senate,MI,2024-09-18,49.0,47.0,3
senate,MI,2024-09-18,51.2,37.2,3
senate,MI,2024-09-19,46.0,37.0,3
senate,MI,2024-09-19,47.0,34.0,3
senate,MI,2024-09-20,50.0,43.0,3
senate,MI,2024-09-23,50.0,45.0,3
senate,MI,2024-09-25,43.6,49.3,3
senate,MI,2024-09-25,50.0,46.0,3
senate,MI,2024-09-26,44.0,40.0,3
senate,MI,2024-09-26,47.0,42.0,3
senate,MI,2024-09-27,49.0,43.0,3
senate,MI,2024-09-30,49.0,44.0,3
senate,MI,2024-09-30,47.4,47.0,3
senate,MI,2024-10-02,45.0,39.0,3
senate,MI,2024-10-04,46.8,43.3,3
senate,MI,2024-10-07,52.0,47.0,3
senate,MI,2024-10-07,48.0,48.0,3
senate,MI,2024-10-08,48.7,43.5,3
senate,MI,2024-10-08,49.0,46.0,3
senate,MI,2024-10-09,46.0,45.0,3
senate,MI,2024-10-11,46.1,41.2,3
senate,MI,2024-10-13,48.0,45.0,3
senate,MI,2024-10-14,45.0,40.0,3
senate,MI,2024-10-14,47.0,43.0,3
senate,MI,2024-10-14,44.0,40.0,3
senate,MI,2024-10-15,48.0,41.0,3
senate,MI,2024-10-16,49.0,45.0,3
senate,MI,2024-10-17,47.7,48.3,3
senate,MI,2024-10-17,51.0,42.0,3
senate,MI,2024-10-18,45.0,38.0,3
senate,MI,2024-10-20,46.4,45.0,3
senate,MI,2024-10-21,52.0,44.0,3
senate,MI,2024-10-24,46.2,42.5,3
senate,MI,2024-10-24,48.0,39.0,3
senate,MI,2024-10-26,51.0,48.0,3
senate,MI,2024-10-27,48.3,47.7,3
senate,MI,2024-10-27,48.0,45.6,3
senate,MI,2024-10-27,47.2,45.4,3
senate,MI,2024-10-27,47.7,47.1,3
senate,MI,2024-10-28,51.0,47.0,3
senate,MI,2024-10-28,51.0,46.0,3
senate,MI,2024-10-28,48.0,45.0,3
senate,MI,2024-10-28,46.0,45.0,3
senate,MI,2024-10-28,47.0,42.0,3
senate,MI,2024-10-28,48.0,42.0,3
senate,MI,2024-10-29,47.0,49.0,3
senate,MI,2024-10-29,48.0,50.0,3
senate,MI,2024-10-29,48.9,47.1,3
senate,MI,2024-10-30,48.0,46.0,3
senate,MI,2024-10-30,51.0,47.0,3
senate,MI,2024-10-30,52.0,46.0,3
senate,MI,2024-10-31,49.5,46.3,3
senate,MI,2024-10-31,47.0,46.0,3
senate,MI,2024-10-31,51.0,41.0,3
senate,MI,2024-10-31,51.0,42.0,3
senate,MI,2024-10-31,51.2,48.8,3
senate,MI,2024-11-01,49.0,41.0,3
senate,MI,2024-11-02,48.6,47.3,3
senate,MI,2024-11-02,48.4,47.8,3
senate,MI,2024-11-02,48.9,45.2,3
senate,MI,2024-11-02,45.0,45.0,3
senate,MI,2024-11-02,48.0,46.0,3
senate,MI,2024-11-02,50.0,48.0,3
senate,MI,2024-11-02,47.0,43.0,3
senate,MI,2024-11-02,47.0,42.0,3
senate,MI,2024-11-03,50.0,44.0,3
senate,MI,2024-11-03,50.3,48.8,3
senate,MI,2024-11-03,47.3,47.4,3
senate,MI,2024-11-04,48.6,47.5,3
senate,MN,2024-02-28,49.0,33.0,3
senate,MN,2024-04-07,51.0,34.0,3
senate,MN,2024-05-11,48.0,34.0,3
senate,MN,2024-06-16,49.0,36.0,3
senate,MN,2024-06-16,49.0,35.0,3
senate,MN,2024-06-18,48.1,36.8,3
senate,MN,2024-07-25,54.0,33.0,3
senate,MN,2024-07-25,55.0,33.0,3
senate,MN,2024-08-28,41.0,34.0,3
senate,MN,2024-08-29,50.0,36.0,3
senate,MN,2024-09-08,52.0,41.0,3
senate,MN,2024-09-09,42.0,36.0,3
senate,MN,2024-09-18,51.0,40.0,3
senate,MN,2024-09-19,42.0,34.0,3
senate,MN,2024-10-02,46.0,38.0,3
senate,MN,2024-10-14,42.0,35.0,3
senate,MN,2024-10-22,52.0,40.3,3
senate,MN,2024-10-30,52.2,35.0,3
senate,MN,2024-10-31,56.4,43.6,3
senate,MN,2024-11-03,55.0,38.0,3
senate,MN,2024-11-04,52.6,41.2,3
senate,MO,2024-01-28,30.4,42.8,3
senate,MO,2024-03-08,39.0,53.0,3
senate,MO,2024-06-19,37.6,46.8,3
senate,MO,2024-08-16,42.0,53.0,3
senate,MO,2024-09-05,37.0,52.0,3
senate,MO,2024-09-12,46.0,50.0,3
senate,MO,2024-09-12,48.0,52.0,3
senate,MO,2024-09-13,39.7,51.2,3
senate,MO,2024-09-13,41.0,46.0,3
senate,MO,2024-10-01,46.0,54.0,3
senate,MO,2024-10-23,40.5,50.6,3
senate,MO,2024-10-26,46.0,49.0,3
senate,MO,2024-10-27,43.7,56.3,3
senate,MO,2024-11-03,43.0,54.0,3
senate,MS,2024-10-03,35.0,48.0,3
senate,MT,2024-02-15,49.0,40.0,3
senate,MT,2024-02-15,50.0,35.0,3
senate,MT,2024-03-02,44.0,42.4,3
senate,MT,2024-03-29,45.0,48.0,3
senate,MT,2024-06-05,43.0,46.0,3
senate,MT,2024-06-05,48.0,48.0,3
senate,MT,2024-06-13,46.0,46.0,3
senate,MT,2024-06-26,41.1,47.2,3
senate,MT,2024-07-01,45.0,50.0,3
senate,MT,2024-07-08,47.0,48.0,3
senate,MT,2024-08-06,46.4,48.4,3
senate,MT,2024-08-12,44.7,50.8,3
senate,MT,2024-08-14,49.0,44.0,3
senate,MT,2024-08-20,44.0,51.0,3
senate,MT,2024-08-29,41.0,49.0,3
senate,MT,2024-08-29,45.0,51.0,3
senate,MT,2024-09-19,43.0,50.0,3
senate,MT,2024-09-20,44.0,52.0,3
senate,MT,2024-10-01,45.0,51.0,3
senate,MT,2024-10-08,44.0,51.0,3
senate,MT,2024-10-08,44.0,52.0,3
senate,MT,2024-10-16,43.0,43.0,3
senate,MT,2024-10-25,48.1,50.6,3
senate,MT,2024-11-04,39.2,49.8,3
senate,ND,2024-06-19,28.0,65.0,3
senate,ND,2024-08-02,38.0,51.0,3
senate,ND,2024-09-24,31.0,60.0,3
senate,ND,2024-09-26,40.0,49.0,3
senate,ND,2024-09-30,29.0,51.0,3
senate,NE,2024-08-27,33.0,50.0,3
senate,NE,2024-09-23,35.0,53.0,3
senate,NE,2024-10-12,37.0,53.0,3
senate,NE,2024-10-26,37.0,56.0,3
senate,NE,2024-10-26,38.0,56.0,3
senate,NJ,2024-04-08,7.0,39.0,3
senate,NJ,2024-04-08,6.0,38.0,3
senate,NJ,2024-04-08,47.0,38.0,3
senate,NJ,2024-04-08,48.0,39.0,3
senate,NJ,2024-06-27,3.0,33.0,3
senate,NJ,2024-06-27,41.0,34.0,3
senate,NJ,2024-07-08,50.0,35.0,3
senate,NJ,2024-08-15,38.0,33.0,3
senate,NJ,2024-10-22,49.0,26.0,3
senate,NJ,2024-10-22,44.0,12.0,3
senate,NJ,2024-10-24,54.5,38.1,3
senate,NJ,2024-10-27,57.0,39.0,3
senate,NJ,2024-11-03,56.0,38.0,3
senate,NM,2024-05-19,41.0,38.0,3
senate,NM,2024-06-14,47.0,40.0,3
senate,NM,2024-06-24,46.0,42.0,3
senate,NM,2024-08-03,40.0,34.0,3
senate,NM,2024-08-15,42.0,36.0,3
senate,NM,2024-08-22,49.2,37.3,3
senate,NM,2024-08-28,43.0,33.0,3
senate,NM,2024-09-09,47.0,37.0,3
senate,NM,2024-09-13,50.0,38.0,3
senate,NM,2024-09-18,47.0,34.0,3
senate,NM,2024-10-18,51.0,40.0,3
senate,NM,2024-11-03,50.2,48.5,3
senate,NV,2024-02-19,39.6,38.0,3
senate,NV,2024-02-19,42.7,32.4,3
senate,NV,2024-02-19,42.4,35.8,3
senate,NV,2024-03-05,41.0,35.0,3
senate,NV,2024-03-05,43.0,34.0,3
senate,NV,2024-03-15,40.6,39.0,3
senate,NV,2024-03-15,43.1,33.6,3
senate,NV,2024-03-15,44.2,34.1,3
senate,NV,2024-04-29,45.2,37.3,3
senate,NV,2024-04-29,46.8,32.7,3
senate,NV,2024-05-09,40.0,38.0,3
senate,NV,2024-05-09,41.0,41.0,3
senate,NV,2024-05-21,48.3,35.1,3
senate,NV,2024-05-21,47.5,36.9,3
senate,NV,2024-05-25,47.0,33.0,3
senate,NV,2024-06-18,49.5,37.6,3
senate,NV,2024-06-18,47.0,42.0,3
senate,NV,2024-07-01,48.0,46.0,3
senate,NV,2024-07-01,41.0,33.0,3
senate,NV,2024-07-18,41.0,37.0,3
senate,NV,2024-07-24,45.0,40.0,3
senate,NV,2024-08-02,54.0,36.0,3
senate,NV,2024-08-03,41.0,38.0,3
senate,NV,2024-08-14,50.0,38.0,3
senate,NV,2024-08-15,48.0,37.0,3
senate,NV,2024-08-15,49.0,40.0,3
senate,NV,2024-08-15,41.0,37.0,3
senate,NV,2024-08-26,55.0,41.0,3
senate,NV,2024-08-28,50.4,39.5,3
senate,NV,2024-08-28,43.0,39.0,3
senate,NV,2024-08-29,50.0,40.0,3
senate,NV,2024-08-31,48.6,39.3,3
senate,NV,2024-09-08,50.0,40.2,3
senate,NV,2024-09-09,47.0,39.0,3
senate,NV,2024-09-13,48.2,40.4,3
senate,NV,2024-09-16,53.0,38.0,3
senate,NV,2024-09-16,50.0,36.0,3
senate,NV,2024-09-18,47.8,40.7,3
senate,NV,2024-09-18,52.1,38.7,3
senate,NV,2024-09-19,47.0,38.0,3
senate,NV,2024-09-19,48.0,41.0,3
senate,NV,2024-09-20,47.0,41.0,3
senate,NV,2024-09-25,47.5,46.0,3
senate,NV,2024-09-25,52.0,38.0,3
senate,NV,2024-09-30,49.3,41.5,3
senate,NV,2024-10-02,48.0,41.0,3
senate,NV,2024-10-03,56.0,40.0,3
senate,NV,2024-10-08,50.4,41.7,3
senate,NV,2024-10-13,47.5,43.1,3
senate,NV,2024-10-14,46.0,41.0,3
senate,NV,2024-10-15,49.0,44.0,3
senate,NV,2024-10-15,52.0,37.0,3
senate,NV,2024-10-17,47.1,43.0,3
senate,NV,2024-10-18,48.0,41.0,3
senate,NV,2024-10-20,48.2,43.9,3
senate,NV,2024-10-22,48.0,48.0,3
senate,NV,2024-10-26,50.0,41.0,3
senate,NV,2024-10-28,46.7,44.8,3
senate,NV,2024-10-29,48.9,44.2,3
senate,NV,2024-10-30,49.0,42.0,3
senate,NV,2024-10-31,47.3,45.4,3
senate,NV,2024-10-31,48.6,44.9,3
senate,NV,2024-10-31,46.2,47.0,3
senate,NV,2024-10-31,48.0,46.0,3
senate,NV,2024-10-31,51.0,44.0,3
senate,NV,2024-11-02,49.8,44.0,3
senate,NV,2024-11-02,52.0,40.0,3
senate,NV,2024-11-02,52.0,43.0,3
senate,NV,2024-11-03,51.0,47.9,3
senate,NV,2024-11-04,48.2,42.7,3
senate,NY,2024-08-01,56.0,33.0,3
senate,NY,2024-08-05,63.2,36.8,3
senate,NY,2024-09-16,54.0,31.0,3
senate,NY,2024-09-25,50.0,33.3,3
senate,NY,2024-09-25,59.7,40.3,3
senate,NY,2024-10-17,57.0,31.0,3
senate,NY,2024-10-17,57.0,32.0,3
senate,NY,2024-10-27,58.1,38.7,3
senate,NY,2024-10-28,59.6,40.4,3
senate,NY,2024-11-03,61.0,33.0,3
senate,OH,2024-01-25,38.1,37.1,3
senate,OH,2024-01-25,39.0,36.7,3
senate,OH,2024-01-25,39.4,37.1,3
senate,OH,2024-03-10,37.0,34.0,3
senate,OH,2024-03-10,38.6,32.8,3
senate,OH,2024-03-10,38.7,34.1,3
senate,OH,2024-03-11,41.1,43.1,3
senate,OH,2024-03-11,44.6,39.8,3
senate,OH,2024-03-11,44.6,40.5,3
senate,OH,2024-03-11,43.0,37.0,3
senate,OH,2024-03-11,42.0,39.0,3
senate,OH,2024-03-11,44.0,36.0,3
senate,OH,2024-03-13,45.4,41.5,3
senate,OH,2024-03-13,47.4,36.3,3
senate,OH,2024-03-13,48.0,36.5,3
senate,OH,2024-05-29,54.0,46.0,3
senate,OH,2024-06-06,50.0,45.0,3
senate,OH,2024-07-01,50.0,44.0,3
senate,OH,2024-07-28,46.0,42.0,3
senate,OH,2024-08-12,52.5,47.5,3
senate,OH,2024-09-01,50.0,45.0,3
senate,OH,2024-09-05,45.6,44.2,3
senate,OH,2024-09-08,46.4,42.9,3
senate,OH,2024-09-18,45.6,43.8,3
senate,OH,2024-09-20,46.0,48.0,3
senate,OH,2024-09-22,48.9,51.1,3
senate,OH,2024-09-26,46.0,41.0,3
senate,OH,2024-09-26,47.0,43.0,3
senate,OH,2024-09-27,49.0,45.0,3
senate,OH,2024-10-07,49.0,48.0,3
senate,OH,2024-10-07,50.0,48.0,3
senate,OH,2024-10-07,48.0,47.0,3
senate,OH,2024-10-15,46.0,47.0,3
senate,OH,2024-10-20,48.1,51.9,3
senate,OH,2024-10-21,47.0,45.0,3
senate,OH,2024-10-22,47.0,49.0,3
senate,OH,2024-10-24,46.0,52.0,3
senate,OH,2024-10-24,46.0,44.0,3
senate,OH,2024-10-28,48.0,47.2,3
senate,OH,2024-10-28,49.0,51.0,3
senate,OH,2024-10-30,48.0,46.0,3
senate,OH,2024-11-01,46.0,47.0,3
senate,OH,2024-11-02,48.0,52.0,3
senate,OH,2024-11-04,47.6,48.4,3
senate,OH,2024-11-04,45.8,48.8,3
senate,PA,2024-01-08,53.0,43.0,3
senate,PA,2024-01-21,45.9,42.1,3
senate,PA,2024-01-25,47.0,40.0,3
senate,PA,2024-01-28,47.0,35.0,3
senate,PA,2024-02-08,38.0,37.0,3
senate,PA,2024-02-16,48.8,38.5,3
senate,PA,2024-03-06,48.0,42.0,3
senate,PA,2024-03-13,52.3,47.7,3
senate,PA,2024-03-26,47.0,30.0,3
senate,PA,2024-03-31,46.0,39.0,3
senate,PA,2024-04-25,46.0,39.0,3
senate,PA,2024-04-25,45.0,41.0,3
senate,PA,2024-04-29,46.2,42.1,3
senate,PA,2024-04-30,48.0,44.0,3
senate,PA,2024-05-09,46.0,41.0,3
senate,PA,2024-05-09,46.0,44.0,3
senate,PA,2024-05-13,49.0,41.0,3
senate,PA,2024-05-19,47.0,37.0,3
senate,PA,2024-05-31,48.0,40.0,3
senate,PA,2024-05-31,49.0,42.0,3
senate,PA,2024-06-06,52.0,46.0,3
senate,PA,2024-06-18,47.1,40.9,3
senate,PA,2024-06-19,48.0,36.0,3
senate,PA,2024-06-28,45.8,42.1,3
senate,PA,2024-07-01,49.0,48.0,3
senate,PA,2024-07-08,48.0,45.0,3
senate,PA,2024-07-11,50.0,39.0,3
senate,PA,2024-07-11,50.0,42.0,3
senate,PA,2024-07-12,47.0,44.0,3
senate,PA,2024-07-18,50.0,39.0,3
senate,PA,2024-07-18,44.0,37.0,3
senate,PA,2024-07-21,50.0,40.0,3
senate,PA,2024-07-23,47.8,43.9,3
senate,PA,2024-07-23,49.0,41.0,3
senate,PA,2024-07-24,46.0,39.0,3
senate,PA,2024-07-24,55.0,42.0,3
senate,PA,2024-07-25,53.0,42.0,3
senate,PA,2024-07-28,47.0,42.0,3
senate,PA,2024-08-02,53.0,40.0,3
senate,PA,2024-08-03,45.0,40.0,3
senate,PA,2024-08-09,50.0,36.0,3
senate,PA,2024-08-09,51.0,37.0,3
senate,PA,2024-08-11,51.0,39.0,3
senate,PA,2024-08-11,48.0,36.0,3
senate,PA,2024-08-12,52.0,44.0,3
senate,PA,2024-08-14,48.1,43.5,3
senate,PA,2024-08-15,46.2,42.0,3
senate,PA,2024-08-15,42.2,38.5,3
senate,PA,2024-08-15,44.0,36.0,3
senate,PA,2024-08-21,46.0,43.0,3
senate,PA,2024-08-23,45.0,40.0,3
senate,PA,2024-08-23,47.0,41.0,3
senate,PA,2024-08-23,54.9,45.1,3
senate,PA,2024-08-28,48.1,43.8,3
senate,PA,2024-08-28,44.0,38.0,3
senate,PA,2024-08-29,48.0,46.0,3
senate,PA,2024-08-29,46.0,46.0,3
senate,PA,2024-09-06,45.0,36.0,3
senate,PA,2024-09-06,48.0,41.0,3
senate,PA,2024-09-08,49.2,40.2,3
senate,PA,2024-09-09,44.0,36.0,3
senate,PA,2024-09-14,47.0,42.8,3
senate,PA,2024-09-15,49.0,44.4,3
senate,PA,2024-09-15,48.0,40.0,3
senate,PA,2024-09-16,52.0,43.0,3
senate,PA,2024-09-16,47.0,46.0,3
senate,PA,2024-09-16,48.0,48.0,3
senate,PA,2024-09-16,48.0,39.0,3
senate,PA,2024-09-16,49.0,40.0,3
senate,PA,2024-09-17,52.0,46.0,3
senate,PA,2024-09-17,52.0,47.0,3
senate,PA,2024-09-18,46.5,42.2,3
senate,PA,2024-09-18,49.0,42.0,3
senate,PA,2024-09-18,48.7,40.4,3
senate,PA,2024-09-19,47.0,41.0,3
senate,PA,2024-09-19,48.0,43.0,3
senate,PA,2024-09-19,47.0,38.0,3
senate,PA,2024-09-20,50.0,44.0,3
senate,PA,2024-09-20,49.0,45.0,3
senate,PA,2024-09-22,48.0,40.0,3
senate,PA,2024-09-23,44.0,40.0,3
senate,PA,2024-09-23,47.0,45.0,3
senate,PA,2024-09-24,53.0,44.0,3
senate,PA,2024-09-24,49.0,45.0,3
senate,PA,2024-09-25,47.2,45.3,3
senate,PA,2024-09-25,52.0,45.0,3
senate,PA,2024-09-28,47.1,45.4,3
senate,PA,2024-09-29,45.0,44.0,3
senate,PA,2024-09-29,51.0,48.0,3
senate,PA,2024-09-29,47.4,45.6,3
senate,PA,2024-09-29,48.0,39.0,3
senate,PA,2024-09-29,52.0,42.0,3
senate,PA,2024-10-07,51.0,48.0,3
senate,PA,2024-10-07,51.0,43.0,3
senate,PA,2024-10-07,53.1,46.9,3
senate,PA,2024-10-08,47.7,46.0,3
senate,PA,2024-10-09,48.0,40.0,3
senate,PA,2024-10-09,47.0,43.0,3
senate,PA,2024-10-09,48.0,39.0,3
senate,PA,2024-10-10,48.0,43.0,3
senate,PA,2024-10-10,48.0,44.0,3
senate,PA,2024-10-10,48.3,45.0,3
senate,PA,2024-10-15,49.0,41.0,3
senate,PA,2024-10-17,47.1,48.3,3
senate,PA,2024-10-17,50.0,43.0,3
senate,PA,2024-10-17,49.0,42.0,3
senate,PA,2024-10-17,50.0,42.0,3
senate,PA,2024-10-19,46.8,47.2,3
senate,PA,2024-10-20,49.0,42.0,3
senate,PA,2024-10-20,49.0,48.0,3
senate,PA,2024-10-22,46.9,45.5,3
senate,PA,2024-10-22,48.6,45.8,3
senate,PA,2024-10-23,48.0,42.0,3
senate,PA,2024-10-26,45.0,42.0,3
senate,PA,2024-10-27,46.8,46.8,3
senate,PA,2024-10-28,45.0,44.0,3
senate,PA,2024-10-28,50.0,47.0,3
senate,PA,2024-10-28,51.0,46.0,3
senate,PA,2024-10-28,50.0,48.0,3
senate,PA,2024-10-28,48.0,45.0,3
senate,PA,2024-10-28,48.0,42.0,3
senate,PA,2024-10-29,48.6,46.5,3
senate,PA,2024-10-30,44.0,47.0,3
senate,PA,2024-10-30,49.4,45.8,3
senate,PA,2024-10-30,50.0,48.0,3
senate,PA,2024-10-30,49.0,46.0,3
senate,PA,2024-10-30,49.0,45.0,3
senate,PA,2024-10-31,49.3,45.7,3
senate,PA,2024-10-31,46.0,46.0,3
senate,PA,2024-10-31,50.0,43.0,3
senate,PA,2024-10-31,50.0,44.0,3
senate,PA,2024-10-31,49.0,45.0,3
senate,PA,2024-10-31,46.1,43.2,3
senate,PA,2024-10-31,50.5,49.5,3
senate,PA,2024-11-02,48.7,46.6,3
senate,PA,2024-11-02,47.8,46.7,3
senate,PA,2024-11-02,47.1,46.9,3
senate,PA,2024-11-02,50.0,45.0,3
senate,PA,2024-11-02,49.0,44.0,3
senate,PA,2024-11-02,48.0,43.0,3
senate,PA,2024-11-03,48.0,46.0,3
senate,PA,2024-11-03,50.4,49.0,3
senate,PA,2024-11-03,45.9,47.4,3
senate,PA,2024-11-04,49.2,46.5,3
senate,PA,2024-11-04,49.2,41.6,3
senate,RI,2024-09-08,52.0,24.0,3
senate,RI,2024-09-16,51.0,33.0,3
senate,RI,2024-09-18,52.0,37.0,3
senate,RI,2024-09-20,52.0,36.0,3
senate,RI,2024-11-02,54.0,40.0,3
senate,TN,2024-04-02,29.0,45.0,3
senate,TN,2024-04-02,21.0,45.0,3
senate,TN,2024-04-02,27.0,44.0,3
senate,TN,2024-05-09,40.0,51.0,3
senate,TN,2024-07-01,32.0,49.0,3
senate,TN,2024-07-01,32.0,52.0,3
senate,TN,2024-07-01,33.0,51.0,3
senate,TN,2024-07-01,33.0,54.0,3
senate,TN,2024-09-02,40.2,59.8,3
senate,TN,2024-10-08,29.0,52.0,3
senate,TN,2024-10-08,31.0,54.0,3
senate,TN,2024-10-18,38.7,61.3,3
senate,TN,2024-10-28,39.2,60.8,3
senate,TX,2024-01-15,40.1,41.9,3
senate,TX,2024-01-15,40.4,41.0,3
senate,TX,2024-01-24,39.0,48.0,3
senate,TX,2024-01-24,38.0,48.0,3
senate,TX,2024-02-08,44.0,44.0,3
senate,TX,2024-02-12,32.0,46.0,3
senate,TX,2024-02-12,31.0,45.0,3
senate,TX,2024-02-26,41.0,41.0,3
senate,TX,2024-03-21,45.0,51.0,3
senate,TX,2024-04-06,36.3,44.9,3
senate,TX,2024-04-10,41.0,46.0,3
senate,TX,2024-04-21,31.0,41.0,3
senate,TX,2024-04-22,33.0,46.0,3
senate,TX,2024-06-09,34.0,45.0,3
senate,TX,2024-06-20,39.0,43.0,3
senate,TX,2024-06-20,42.0,45.0,3
senate,TX,2024-06-27,43.0,46.0,3
senate,TX,2024-07-01,43.0,53.0,3
senate,TX,2024-07-01,44.0,47.0,3
senate,TX,2024-07-18,46.1,53.9,3
senate,TX,2024-08-16,44.5,46.6,3
senate,TX,2024-08-22,40.0,44.0,3
senate,TX,2024-08-22,45.0,47.0,3
senate,TX,2024-08-29,43.0,47.0,3
senate,TX,2024-08-29,44.8,55.2,3
senate,TX,2024-08-31,36.0,44.0,3
senate,TX,2024-09-05,44.3,48.0,3
senate,TX,2024-09-08,42.4,47.0,3
senate,TX,2024-09-09,40.0,46.0,3
senate,TX,2024-09-18,45.0,48.0,3
senate,TX,2024-09-18,45.1,44.3,3
senate,TX,2024-09-24,44.9,48.9,3
senate,TX,2024-09-26,43.0,45.0,3
senate,TX,2024-09-26,46.0,47.0,3
senate,TX,2024-09-27,47.0,50.0,3
senate,TX,2024-09-30,47.6,52.4,3
senate,TX,2024-10-04,43.0,45.0,3
senate,TX,2024-10-04,44.0,48.0,3
senate,TX,2024-10-06,43.0,46.0,3
senate,TX,2024-10-06,44.0,47.0,3
senate,TX,2024-10-07,47.0,50.0,3
senate,TX,2024-10-07,46.0,51.0,3
senate,TX,2024-10-10,44.0,51.0,3
senate,TX,2024-10-10,46.0,50.0,3
senate,TX,2024-10-15,45.0,46.0,3
senate,TX,2024-10-16,47.2,52.8,3
senate,TX,2024-10-17,45.0,49.0,3
senate,TX,2024-10-21,46.8,48.3,3
senate,TX,2024-10-21,45.0,47.0,3
senate,TX,2024-10-23,46.0,46.0,3
senate,TX,2024-10-26,46.0,49.0,3
senate,TX,2024-10-26,46.0,50.0,3
senate,TX,2024-10-27,47.6,52.4,3
senate,TX,2024-10-28,45.0,49.0,3
senate,TX,2024-10-31,44.4,47.4,3
senate,TX,2024-11-04,45.5,52.5,3
senate,UT,2024-08-09,22.0,56.0,3
senate,UT,2024-08-09,29.0,71.0,3
senate,UT,2024-09-19,33.8,52.5,3
senate,UT,2024-10-07,21.0,51.0,3
senate,UT,2024-10-07,24.0,53.0,3
senate,UT,2024-10-19,24.0,65.0,3
senate,UT,2024-10-28,26.0,54.0,3
senate,VA,2024-04-28,48.0,36.0,3
senate,VA,2024-07-03,49.0,38.0,3
senate,VA,2024-07-03,49.3,38.9,3
senate,VA,2024-07-12,52.0,34.0,3
senate,VA,2024-07-12,53.0,36.0,3
senate,VA,2024-07-13,45.0,32.0,3
senate,VA,2024-07-13,47.0,34.0,3
senate,VA,2024-07-15,48.6,38.5,3
senate,VA,2024-07-15,42.0,33.0,3
senate,VA,2024-07-15,44.0,34.0,3
senate,VA,2024-08-16,49.0,38.0,3
senate,VA,2024-09-01,55.3,44.7,3
senate,VA,2024-09-08,53.0,41.0,3
senate,VA,2024-09-09,45.0,38.0,3
senate,VA,2024-09-09,49.0,43.0,3
senate,VA,2024-09-24,51.1,41.2,3
senate,VA,2024-10-04,55.0,35.0,3
senate,VA,2024-10-14,55.9,44.1,3
senate,VA,2024-10-23,54.0,41.0,3
senate,VA,2024-10-23,54.0,40.0,3
senate,VA,2024-10-28,54.7,45.3,3
senate,VA,2024-10-29,51.6,41.7,3
senate,VA,2024-10-29,51.0,40.0,3
senate,VA,2024-10-30,46.4,44.9,3
senate,VA,2024-11-03,53.0,41.0,3
senate,VA,2024-11-04,52.6,44.0,3
senate,WA,2024-03-21,44.0,36.0,3
senate,WA,2024-05-16,39.0,30.0,3
senate,WA,2024-09-06,55.0,33.0,3
senate,WA,2024-10-14,55.0,32.0,3
senate,WA,2024-10-17,53.0,38.0,3
senate,WA,2024-11-03,58.0,38.0,3
senate,WI,2024-02-24,46.2,38.5,3
senate,WI,2024-03-18,44.8,41.7,3
senate,WI,2024-04-10,52.0,47.0,3
senate,WI,2024-04-10,50.0,50.0,3
senate,WI,2024-04-25,48.0,41.0,3
senate,WI,2024-04-29,46.3,42.8,3
senate,WI,2024-05-06,54.0,42.0,3
senate,WI,2024-05-09,49.0,40.0,3
senate,WI,2024-05-09,49.0,42.0,3
senate,WI,2024-05-13,49.0,37.0,3
senate,WI,2024-05-19,46.0,42.0,3
senate,WI,2024-05-31,43.0,38.0,3
senate,WI,2024-05-31,47.0,39.0,3
senate,WI,2024-06-18,46.2,43.7,3
senate,WI,2024-06-20,52.0,47.0,3
senate,WI,2024-07-01,48.0,48.0,3
senate,WI,2024-07-02,50.0,38.0,3
senate,WI,2024-07-02,50.0,45.0,3
senate,WI,2024-07-10,49.0,41.0,3
senate,WI,2024-07-11,51.0,43.0,3
senate,WI,2024-07-23,48.5,43.4,3
senate,WI,2024-07-24,54.0,43.0,3
senate,WI,2024-08-01,53.0,46.0,3
senate,WI,2024-08-01,52.0,47.0,3
senate,WI,2024-08-01,50.0,44.0,3
senate,WI,2024-08-01,51.0,45.0,3
senate,WI,2024-08-02,50.0,43.0,3
senate,WI,2024-08-08,51.0,43.0,3
senate,WI,2024-08-08,51.0,44.0,3
senate,WI,2024-08-11,50.0,41.0,3
senate,WI,2024-08-14,50.0,42.0,3
senate,WI,2024-08-14,50.0,43.0,3
senate,WI,2024-08-21,48.0,43.0,3
senate,WI,2024-08-21,49.0,44.0,3
senate,WI,2024-08-28,48.9,47.7,3
senate,WI,2024-08-28,46.0,41.0,3
senate,WI,2024-08-29,51.0,45.0,3
senate,WI,2024-09-05,52.0,48.0,3
senate,WI,2024-09-05,52.0,47.0,3
senate,WI,2024-09-05,51.0,45.0,3
senate,WI,2024-09-06,49.0,43.0,3
senate,WI,2024-09-06,51.0,43.0,3
senate,WI,2024-09-08,49.1,42.5,3
senate,WI,2024-09-09,46.0,39.0,3
senate,WI,2024-09-14,50.0,47.0,3
senate,WI,2024-09-16,51.0,47.0,3
senate,WI,2024-09-17,52.0,46.0,3
senate,WI,2024-09-17,51.0,48.0,3
senate,WI,2024-09-18,48.8,46.1,3
senate,WI,2024-09-18,52.0,44.0,3
senate,WI,2024-09-18,49.8,43.2,3
senate,WI,2024-09-19,46.0,41.0,3
senate,WI,2024-09-20,49.0,47.0,3
senate,WI,2024-09-23,52.0,44.0,3
senate,WI,2024-09-23,51.0,45.0,3
senate,WI,2024-09-25,48.2,46.7,3
senate,WI,2024-09-25,49.0,47.0,3
senate,WI,2024-09-26,50.0,42.0,3
senate,WI,2024-09-26,50.0,43.0,3
senate,WI,2024-09-26,53.0,46.0,3
senate,WI,2024-09-26,51.0,45.0,3
senate,WI,2024-09-29,54.1,45.9,3
senate,WI,2024-09-30,48.3,46.0,3
senate,WI,2024-10-02,47.0,42.0,3
senate,WI,2024-10-07,52.0,47.0,3
senate,WI,2024-10-07,50.0,46.0,3
senate,WI,2024-10-08,49.8,45.6,3
senate,WI,2024-10-09,48.0,47.0,3
senate,WI,2024-10-14,50.0,49.0,3
senate,WI,2024-10-15,49.0,44.0,3
senate,WI,2024-10-16,50.0,47.0,3
senate,WI,2024-10-17,49.3,46.3,3
senate,WI,2024-10-18,45.0,44.0,3
senate,WI,2024-10-18,49.0,45.0,3
senate,WI,2024-10-20,48.1,48.5,3
senate,WI,2024-10-21,49.0,48.0,3
senate,WI,2024-10-22,48.4,47.7,3
senate,WI,2024-10-22,48.0,49.0,3
senate,WI,2024-10-23,45.6,44.2,3
senate,WI,2024-10-24,51.0,49.0,3
senate,WI,2024-10-24,49.0,47.0,3
senate,WI,2024-10-24,50.0,46.0,3
senate,WI,2024-10-27,48.0,49.0,3
senate,WI,2024-10-28,49.0,47.0,3
senate,WI,2024-10-29,49.0,48.0,3
senate,WI,2024-10-29,48.8,48.0,3
senate,WI,2024-10-30,47.0,43.0,3
senate,WI,2024-10-30,48.0,46.0,3
senate,WI,2024-10-30,49.0,48.0,3
senate,WI,2024-10-30,51.0,48.0,3
senate,WI,2024-10-31,49.0,48.8,3
senate,WI,2024-10-31,48.0,47.0,3
senate,WI,2024-10-31,50.0,45.0,3
senate,WI,2024-10-31,53.6,46.4,3
senate,WI,2024-11-01,49.0,47.0,3
senate,WI,2024-11-02,48.8,48.3,3
senate,WI,2024-11-02,50.5,45.4,3
senate,WI,2024-11-02,50.0,46.0,3
senate,WI,2024-11-02,47.0,45.0,3
senate,WI,2024-11-03,48.0,47.0,3
senate,WI,2024-11-03,50.5,48.6,3
senate,WI,2024-11-04,48.8,47.9,3
senate,WV,2024-06-04,27.0,60.0,3
senate,WV,2024-08-27,28.0,62.0,3
senate,WY,2024-10-28,25.7,73.2,3
